order_id,split,distance_km,kitchen_queue,rain,delivery_minutes
D01,train,1,0,0,18
D02,train,2,4,0,27
D03,train,3,0,0,24
D04,train,3.0,4,0,30
D05,train,0.5,2,0,15
D06,train,2.5,5,1,32
D07,train,5.5,2,0,40
D08,train,0.5,0,1,24
D09,train,2.0,0,0,23
D10,train,3.5,5,0,30
D11,train,1.0,7,1,32
D12,train,0.5,4,1,28
D13,train,1.0,3,0,24
D14,train,2.0,0,1,28
D15,train,5.5,1,0,38
D16,train,1.0,0,0,17
D17,train,5.0,5,1,42
D18,train,3.5,2,0,30
D19,train,5.5,2,1,43
D20,train,3.0,8,0,34
D21,train,3.5,1,1,34
D22,train,2.5,3,0,26
D23,train,2.0,4,1,34
D24,train,5.0,4,0,40
D25,train,3.0,0,1,32
D26,train,1.0,2,0,15
D27,train,2.5,1,0,24
D28,train,3.0,6,0,31
D29,train,3.0,4,1,35
D30,train,3.5,2,1,31
D31,train,1.5,6,0,25
D32,train,2.0,6,1,39
D33,train,5.5,1,1,46
D34,train,3.5,5,0,30
D35,train,5.5,8,1,56
D36,train,2.5,3,1,36
D37,test,1.0,0,1,18
D38,test,5.5,3,0,36
D39,test,5.5,2,0,33
D40,test,2.5,7,1,34
D41,test,2.5,1,1,32
D42,test,2.5,5,0,30
D43,test,0.5,7,1,28
D44,test,0.5,3,1,22
D45,test,1.5,3,1,32
D46,test,4.0,3,1,36
D47,test,1.0,8,1,36
D48,test,5.0,8,1,49
