trip_id,split,distance_km,peak,cost_rub
T01,train,9.0,1,955
T02,train,4.0,1,570
T03,train,11.5,0,1145
T04,train,7.0,0,620
T05,train,12.0,1,1324
T06,train,3.5,0,396
T07,train,9.0,1,998
T08,train,2.0,0,252
T09,train,0.5,1,315
T10,train,10.0,0,945
T11,train,4.0,1,515
T12,train,0.5,1,347
T13,train,8.0,1,852
T14,train,4.0,0,404
T15,train,6.0,0,561
T16,train,3.0,0,339
T17,train,10.0,1,1086
T18,train,9.5,0,914
T19,train,7.0,1,756
T20,train,10.5,0,1024
T21,train,0.5,0,216
T22,train,6.0,1,678
T23,train,11.0,0,1019
T24,train,0.5,1,277
T25,train,6.0,0,553
T26,train,3.0,0,360
T27,train,5.5,0,514
T28,train,1.0,1,348
T29,train,4.5,1,554
T30,train,5.5,0,476
T31,train,9.5,0,869
T32,train,10.5,1,1156
T33,train,6.0,1,708
T34,train,8.5,0,798
T35,train,11.0,0,1031
T36,train,0.5,0,224
T37,train,7.0,0,649
T38,train,2.5,1,448
T39,train,7.5,1,839
T40,train,6.5,0,608
T41,train,9.0,0,813
T42,train,5.5,0,493
T43,train,0.5,1,347
T44,train,0.5,1,346
T45,train,8.0,0,736
T46,train,9.0,1,934
T47,train,0.5,0,152
T48,train,1.5,1,362
T49,test,2.5,1,440
T50,test,8.5,0,812
T51,test,7.5,1,805
T52,test,0.5,1,330
T53,test,9.5,1,983
T54,test,5.0,0,485
T55,test,4.0,0,370
T56,test,1.0,0,180
T57,test,2.0,1,436
T58,test,10.5,0,1017
T59,test,8.0,0,739
T60,test,8.5,1,898
T61,test,9.0,0,812
T62,test,6.0,0,585
T63,test,2.5,0,309
T64,test,9.0,1,964
